INSERT INTO categories (is_active, id, name) VALUES (1,0, 'Hardware Issue');
INSERT INTO categories (is_active, id, name) VALUES (1,1, 'Software Issue');
INSERT INTO categories (is_active, id, name) VALUES (1,2, 'Skill Issue');
INSERT INTO operators (id, email, password, active, username) VALUES (1,'admin@admin.it','{noop}password',0,'Luca');
INSERT INTO operators (id, email, password, active, username) VALUES (2,'scobydoo@gmail.com','{noop}password',1,'Giovanni');
INSERT INTO operators (id, email, password, active, username) VALUES (3,'paperino@gmail.com','{noop}password',1,'Mattia');
INSERT INTO operators (id, email, password, active, username) VALUES (4,'pippo@gmail.com','{noop}password',1,'Daniele');
INSERT INTO operators (id, email, password, active, username) VALUES (5,'pluto@gmail.com','{noop}password',1,'Michele');
INSERT INTO roles (id, name) VALUES (0, 'Admin');
INSERT INTO roles (id, name) VALUES (1,'Operatore');
INSERT INTO operators_roles (operator_id, roles_id) VALUES (1,0);
INSERT INTO operators_roles (operator_id, roles_id) VALUES (2,1);
INSERT INTO operators_roles (operator_id, roles_id) VALUES (3,1);
INSERT INTO operators_roles (operator_id, roles_id) VALUES (4,1);
INSERT INTO operators_roles (operator_id, roles_id) VALUES (5,1);
INSERT INTO customers (customer_details, customer_type, name) VALUES ('Via Gigino Firenze 7','Privato','Massimo Lolli');
INSERT INTO customers (customer_details, customer_type, name) VALUES ('Via Madonnina Pescatrice 2','Business','Falegname S.r.l');
INSERT INTO customers (customer_details, customer_type, name) VALUES ('Via OrcaMaiora 9','Business','Motociclista s.a.s');
INSERT INTO tickets (category_id, closing_date, creation_date, customer_id, id, operator_id, description, priority, report, status, title)VALUES (0,'2024-10-16','2024-10-16',1,1,2,'prova','High','','Da Fare','Titolo1');
INSERT INTO tickets (category_id, closing_date, creation_date, customer_id, id, operator_id, description, priority, report, status, title)VALUES (1,'2024-10-16','2024-10-16',2,2,1,'prova','Low','','In Corso','Titolo2');
INSERT INTO tickets (category_id, closing_date, creation_date, customer_id, id, operator_id, description, priority, report, status, title)VALUES (2,'2024-10-16','2024-10-16',1,3,3,'prova','Medium','','In Corso','Titolo3');
INSERT INTO tickets (category_id, closing_date, creation_date, customer_id, id, operator_id, description, priority, report, status, title)VALUES (0,'2024-10-16','2024-10-16',2,4,1,'prova','Low','','In Corso','Titolo4');
INSERT INTO tickets (category_id, closing_date, creation_date, customer_id, id, operator_id, description, priority, report, status, title)VALUES (1,'2024-10-16','2024-10-16',1,5,2,'prova','High','','In Corso','Titolo5');
INSERT INTO tickets (category_id, closing_date, creation_date, customer_id, id, operator_id, description, priority, report, status, title)VALUES (1,'2024-10-16','2024-10-16',2,6,3,'prova','High','','Completato','Titolo6');
INSERT INTO tickets (category_id, closing_date, creation_date, customer_id, id, operator_id, description, priority, report, status, title)VALUES (2,'2024-10-16','2024-10-16',1,7,1,'prova','Low','','Da Fare','Titolo7');
INSERT INTO tickets (category_id, closing_date, creation_date, customer_id, id, operator_id, description, priority, report, status, title)VALUES (1,'2024-10-16','2024-10-16',2,8,2,'prova','Medium','','In Corso','Titolo8');
INSERT INTO tickets (category_id, closing_date, creation_date, customer_id, id, operator_id, description, priority, report, status, title)VALUES (0,'2024-10-16','2024-10-16',1,9,3,'prova','High','','Completato','Titolo9');